gene_symbol,aa_change,consequence_type
KRAS,G12D,missense_variant
KRAS,G12V,missense_variant
KRAS,G12R,missense_variant
NRAS,G12D,missense_variant
NRAS,G13D,missense_variant
NRAS,Q61R,missense_variant
BRAF,V600E,missense_variant
TP53,R273H,missense_variant
TP53,R248Q,missense_variant
TP53,Y220C,missense_variant
DIS3,I85T,missense_variant
DIS3,E544K,missense_variant
FAM46C,W84*,stop_gained
FAM46C,R418*,stop_gained
TRAF3,E298*,stop_gained
TRAF3,Q298*,missense_variant
ATM,S1893*,stop_gained
ATM,R3008H,missense_variant
RB1,R661W,missense_variant
RB1,E463*,stop_gained